title,price
Apartament in bloc nou- 2 camere zona Nufarul Oradea,547 052 leiPrețul e negociabil
Apartament cu 3 camere Oferta ! Sectorul 4 ! Pret cu TVA inclus .,456 132 lei
Apartament Decomandat-Drumul Fermei,298 392 lei
Apartament cluj Napoca,1 989 lei
"Inchiriez apartament 2 camere regim hotelier, cazare",150 lei
UltraCentral Regim Hotelier Apartament 2 Camere,200 lei
Apartament  2 camere de inchiriat si loc de parcare,1 741 lei
"Regim hotelier apartament 2 camere zona Coressi , Camere duble centru",130 lei
Apartament 2 camere Giurgiu zona Policlinica de închiriat,1 000 lei
Apartament 2camere. Regim hotelier,200 lei
Apartament 2 camere | Campus Ovidius,437 642 lei
"Apartament 2 camere cu gradina, mobilat, zona Porii/Eroilor",392 883 lei
Inchiriez apartament,1 500 lei
Apartament 3 camere strada Monumentului,397 851 lei
"Apartament de vanzare, 2 camere, zona Petrom - Baciu, Str. Jupiter!",494 834 lei
Apartament cu boxa si parcare zona STAR,1 341 771 lei
Închiriez Apartament 2 camere - Class Park,1 741 lei
Apartament 2 camere Tudor,2 000 lei
Închiriez apartament 2 camere Grozăvești,2 835 lei
Apartament cu 2 camere de vânzare în zona Ultracentral,335 691 lei
Tudor apartament 2 camere regim hotelier,150 lei
Închiriez apartament 2 camere,1 343 lei
Inchiriez apartament 2 camere micro 17 etaj 1,1 741 lei
Apartament 2 camere de închiriat,2 500 lei
Apartament 2 camere mobilat in Sibiu zona Ciresica,303 365 lei
Inchiriez apartament 2 camere Calea Romanilor Arad,1 144 lei
"Apartament 4 camere - TVA INCLUS - pret PRESALE - Berceni, sector 4",616 677 lei
"Apartament ultracentral de inchiriat, 3 camere in Fagaras",2 238 lei
"Apartament 2 camere, Metalurgiei Park Residence, Bd. Metalurgiei",385 423 lei
"Apartament 2 camere, decomandat, mobilat complet, Aeroport",160 000 leiPrețul e negociabil
Apartament cu 2 camere in Doja,322 761 lei
Apartament cu 2 camere in Micro 19,1 300 lei
Apartament 2 camere,333 205 leiPrețul e negociabil
Vanzare apartament 2 camere,174 062 lei
Apartament 2 camere / Carpati 1 / Etaj 1,995 lei
Vand apartament 2 camere,223 794 leiPrețul e negociabil
Chirie Apartament 2 camere Dobroesti,1 741 lei
"Regim hotelier apartament 2 ,camere ultra ultracentral",200 lei
"Apartament 2 camere, mobilat, utilat, zona Florilor",308 339 lei
"Apartament cu 2 camere, zona D-na Stanca",452 562 lei
"Apartament cu 3 camere, pod si loc de parcare in Selimbar Sibiu",2 238 lei
Apartament 2 camere finisat la cheie si parcare Orhideea Exclusive,407 803 lei
Inchiriez apartament 2 camere,1 200 lei
Inchiriez apartament 2 camere Cisnadie,1 094 lei
Apartament 2 camere zona Tomis III,2 238 leiPrețul e negociabil
Apartament Pipera 3 Camere,3 730 lei
"Închiriez apartament două camere,de preferat fată",995 lei
Inchiriez apartament 2 camere semidecomandat | Tomis Nord | Constanta,1 741 lei
Apartament 2 camere.,1 150 lei
"Apartament 2 camere semidecomandat, zona Rahovei",345 638 lei
Apartament 2 camere regim hotelier,280 lei
Închiriez apartament 2 camere,995 lei
"Apartamente noi de vanzare, cu 2 si 3 camere!",422 722 leiPrețul e negociabil
"Apartament 2 camere modern, incalzire in pardoseala-Sos. Salaj, Sect.5",317 788 lei
RECON SA - Bloc NOU - Apartament 3 CAMERE,739 764 lei
"Apartament Nufarul G. Moisil, 2 camere, cazare Oradea, regim hotelier",160 lei
Apartament 2 camere regim hotelier,140 lei
Apartament 2 camere chirie,1 100 lei
Apartament 2 camere zona Rahovei,305 852 lei
Apartament 2 camere - Vlaicu - COMISION 0%,1 392 lei
Apartament 2 camere Pacurari,338 178 lei
"Vanzare apartament2 camere Ploiesti, zona  Cantacuzino",338 178 lei
Apartament 2 camere de închiriat 1 mai,1 500 lei
Apartament 2 camere- DIRECT PROPRIETAR- comision 0- Dedeman,298 392 lei
Închiriez apartament 2 camere Constanta,1 989 lei
Apartamente de vanzare 50 si 70 mp2 Complex Rezidential/ 2sau3 camere,248 660 leiPrețul e negociabil
Apartament decomandat- Direct Dezvoltator-Militari Residence,278 499 lei
"Apartament cochet, cu finisaje moderne si priveliste panoramica 5*",289 689 leiPrețul e negociabil
Apartament doua camere,1 500 lei
Apartament 2 camere Str. Gavrilov Corneliu inchiriere,1 840 lei
Apartament 2 camere decomandat Calea Bucuresti,584 351 lei
Cazare regim hotelier apartament 2 camere,200 lei
Ofer spre inchiriere apartament 2 camere,1 641 leiPrețul e negociabil
"Apartament 2 camere, in Iris cu parcare",2 387 lei
Apartament 2 camere,140 lei
Apartament 2 camere Finisat Floresti,363 044 lei
Apartament Floresti sesul de sus,1 641 lei
"Apartament 2 camere, renovat integral, mobilat, utilat, zona Florilor!",278 499 lei
"Apartament 2 camere confort 1, zona Hipodrom, etaj 1.",213 848 lei
Apartament 3 Camere 61 Mp Strada Mehedinti,770 747 lei
"Apartament 3 camere Stradal, Lidl Oltenitei, Popesti-Leordeni, Ilfov",472 454 lei
Închiriere apartament 2 camere,2 000 lei
"Apartament 2 camere la casa in zona Lazaret, Sibiu",348 124 lei
Apartament 2 camere Bloc nou Bucium Visan,238 117 lei
Închiriez apartament,1 100 lei
Apartament la cheie,522 186 lei
"Apartament  2 Camere, Parter - Strada Rahovei",372 990 lei
Regim Hotelier Apartament 2 Camere,150 lei
"Apartament 2 camere in Gheorgheni, etaj intermediar",472 454 lei
Apartament 2 camere | Drumul Poienii | Locație Excelentă,489 861 lei
Inchiriez apartament 2 camere,1 989 lei
"Apartamente cu 2 si 3 camere FINISATE lux, ansamblu premium, Eroilor",417 749 lei
"Apartament 3 camere de vanzare in Iris, Cluj Napoca",895 177 lei
Apartament cu 3 camere sectorul 4 . Oferta personalizata !,477 229 lei
Apartament 2 camere Valea Rosie,288 446 lei
Vanzare apartament 2 camere zona Kamsas,460 021 lei
"Apartament 2 camere, amenajat central - Calea Romanilor",268 553 lei
Cazare regim hotelier apartament cu 1 si 2 camere central Timisoara,150 lei
Apartament 2 camere - mobilat si utilat!,164 116 lei
Inchiriez apartament 2 camere semidecomandat zona Cina Nord Ploiesti,1 243 lei
"Apartament 2 camere, zona Judetean",427 696 lei
Vand apartament 2 camere Gheorgheni.,621 651 lei
Apartament 2 camere - regim hotelier,140 lei
Apartament 2 camere semidecomandat,1 890 lei
